index,pos_x,pos_y,pos_z,quat_w,quat_x,quat_y,quat_z,arm_sh0,arm_sh1,arm_el0,arm_el1,arm_wr0,arm_wr1,arm_f1x
35,-0.15000000596046448,0.2222222238779068,0.0,6.123234262925839e-17,-1.0,-6.123234262925839e-17,-6.123234262925839e-17,2.6744823455810547,-0.5239196419715881,1.7731784582138062,-0.4909931421279907,1.8325999975204468,-0.1498899608850479,0.0
50,-0.061111122369766235,-0.4000000059604645,0.0,6.123234262925839e-17,-1.0,-6.123234262925839e-17,-6.123234262925839e-17,-2.293566942214966,-0.46332648396492004,1.6223095655441284,0.8911424875259399,1.8325999975204468,0.3167095482349396,0.0
55,-0.061111122369766235,-0.31111112236976624,0.0,6.123234262925839e-17,-1.0,-6.123234262925839e-17,-6.123234262925839e-17,-2.4193432331085205,-0.5571314096450806,1.848556399345398,0.7419079542160034,1.779199242591858,0.18741291761398315,0.0
56,-0.061111122369766235,-0.31111112236976624,0.10000000149011612,6.123234262925839e-17,-1.0,-6.123234262925839e-17,-6.123234262925839e-17,-2.4170548915863037,-0.8091374039649963,1.9550820589065552,-2.3691534996032715,-1.8325999975204468,-2.846755027770996,0.0
60,-0.061111122369766235,-0.2222222238779068,0.0,6.123234262925839e-17,-1.0,-6.123234262925839e-17,-6.123234262925839e-17,-2.5798888206481934,-0.6207927465438843,2.0223028659820557,0.5682151913642883,1.7138772010803223,0.09078765660524368,0.0
61,-0.061111122369766235,-0.2222222238779068,0.10000000149011612,6.123234262925839e-17,-1.0,-6.123234262925839e-17,-6.123234262925839e-17,-2.5781641006469727,-0.9001052975654602,2.13218092918396,0.5894936919212341,1.8325999975204468,0.18589603900909424,0.0
81,-0.061111122369766235,0.13333334028720856,0.10000000149011612,6.123234262925839e-17,-1.0,-6.123234262925839e-17,-6.123234262925839e-17,2.780449867248535,-0.9645231366157532,2.253020763397217,-0.37471628189086914,1.8325999975204468,-0.10214735567569733,0.0
85,-0.061111122369766235,0.2222222238779068,0.0,6.123234262925839e-17,-1.0,-6.123234262925839e-17,-6.123234262925839e-17,2.5798897743225098,-0.6207870841026306,2.0223000049591064,-0.5682201981544495,1.7138818502426147,-0.09078846126794815,0.0
86,-0.061111122369766235,0.2222222238779068,0.10000000149011612,6.123234262925839e-17,-1.0,-6.123234262925839e-17,-6.123234262925839e-17,2.578174114227295,-0.8990940451622009,2.1316564083099365,-0.5895490050315857,1.8325999975204468,-0.18526926636695862,0.0
90,-0.061111122369766235,0.31111112236976624,0.0,6.123234262925839e-17,-1.0,-6.123234262925839e-17,-6.123234262925839e-17,2.419343948364258,-0.5571243166923523,1.848549723625183,-0.7419074177742004,1.779199481010437,-0.18742282688617706,0.0
91,-0.061111122369766235,0.31111112236976624,0.10000000149011612,6.123234262925839e-17,-1.0,-6.123234262925839e-17,-6.123234262925839e-17,2.415360450744629,-0.8148674368858337,1.960645079612732,-0.7727282047271729,1.8325999975204468,-0.2961161732673645,0.0
95,-0.061111122369766235,0.4000000059604645,0.0,6.123234262925839e-17,-1.0,-6.123234262925839e-17,-6.123234262925839e-17,2.2935822010040283,-0.4633576571941376,1.6223410367965698,-0.8908050656318665,1.8325999975204468,-0.31664687395095825,0.0
96,-0.061111122369766235,0.4000000059604645,0.10000000149011612,6.123234262925839e-17,-1.0,-6.123234262925839e-17,-6.123234262925839e-17,2.289050579071045,-0.6978586912155151,1.7297894954681396,-0.9223551154136658,1.8325999975204468,-0.42862969636917114,0.0
100,0.0277777761220932,-0.4000000059604645,0.0,6.123234262925839e-17,-1.0,-6.123234262925839e-17,-6.123234262925839e-17,-2.154552936553955,-0.5452940464019775,1.8184378147125244,1.0075287818908691,1.7331507205963135,0.2505929470062256,0.0
101,0.0277777761220932,-0.4000000059604645,0.10000000149011612,6.123234262925839e-17,-1.0,-6.123234262925839e-17,-6.123234262925839e-17,-2.154557943344116,-0.7982267141342163,1.9185163974761963,1.0343221426010132,1.8131577968597412,0.38359344005584717,0.0
102,0.0277777761220932,-0.4000000059604645,0.20000000298023224,6.123234262925839e-17,-1.0,-6.123234262925839e-17,-6.123234262925839e-17,-2.1480982303619385,-1.0194562673568726,1.952353835105896,1.0861551761627197,1.8325999975204468,0.5606193542480469,0.0
105,0.0277777761220932,-0.31111112236976624,0.0,6.123234262925839e-17,-1.0,-6.123234262925839e-17,-6.123234262925839e-17,-2.2748758792877197,-0.6301737427711487,2.0502939224243164,0.8723344802856445,1.6681185960769653,0.11521003395318985,0.0
106,0.0277777761220932,-0.31111112236976624,0.10000000149011612,6.123234262925839e-17,-1.0,-6.123234262925839e-17,-6.123234262925839e-17,-2.2748770713806152,-0.9174755215644836,2.1560795307159424,0.8943108916282654,1.7835050821304321,0.2571246325969696,0.0
110,0.0277777761220932,-0.2222222238779068,0.0,6.123234262925839e-17,-1.0,-6.123234262925839e-17,-6.123234262925839e-17,-2.4423184394836426,-0.6835250854492188,2.2349650859832764,0.6993693709373474,1.5856069326400757,0.012462003156542778,0.0
111,0.0277777761220932,-0.2222222238779068,0.10000000149011612,6.123234262925839e-17,-1.0,-6.123234262925839e-17,-6.123234262925839e-17,-2.442323684692383,-1.0126804113388062,2.350775718688965,0.7127586007118225,1.7482141256332397,0.15137441456317902,0.0
131,0.0277777761220932,0.13333334028720856,0.10000000149011612,6.123234262925839e-17,-1.0,-6.123234262925839e-17,-6.123234262925839e-17,2.6742501258850098,-1.081215500831604,2.4959380626678467,-0.47227779030799866,1.7100224494934082,-0.07077294588088989,0.0
135,0.0277777761220932,0.2222222238779068,0.0,6.123234262925839e-17,-1.0,-6.123234262925839e-17,-6.123234262925839e-17,2.4423229694366455,-0.6835243105888367,2.2349648475646973,-0.6993647813796997,1.5856091976165771,-0.012457529082894325,0.0
136,0.0277777761220932,0.2222222238779068,0.10000000149011612,6.123234262925839e-17,-1.0,-6.123234262925839e-17,-6.123234262925839e-17,2.4423208236694336,-1.0126813650131226,2.3507754802703857,-0.7127608060836792,1.7482142448425293,-0.15137863159179688,0.0
140,0.0277777761220932,0.31111112236976624,0.0,6.123234262925839e-17,-1.0,-6.123234262925839e-17,-6.123234262925839e-17,2.274876832962036,-0.6301726698875427,2.050292491912842,-0.8723344802856445,1.668119192123413,-0.11520972102880478,0.0
141,0.0277777761220932,0.31111112236976624,0.10000000149011612,6.123234262925839e-17,-1.0,-6.123234262925839e-17,-6.123234262925839e-17,2.2748749256134033,-0.9174777269363403,2.1560821533203125,-0.8943172097206116,1.7835021018981934,-0.2571219801902771,0.0
145,0.0277777761220932,0.4000000059604645,0.0,6.123234262925839e-17,-1.0,-6.123234262925839e-17,-6.123234262925839e-17,2.1545569896698,-0.5452961921691895,1.8184387683868408,-1.0075314044952393,1.7331547737121582,-0.2505826950073242,0.0
146,0.0277777761220932,0.4000000059604645,0.10000000149011612,6.123234262925839e-17,-1.0,-6.123234262925839e-17,-6.123234262925839e-17,2.1545562744140625,-0.798222005367279,1.9185138940811157,-1.0343194007873535,1.81315016746521,-0.3835863471031189,0.0
147,0.0277777761220932,0.4000000059604645,0.20000000298023224,6.123234262925839e-17,-1.0,-6.123234262925839e-17,-6.123234262925839e-17,2.149747133255005,-1.0208516120910645,1.9517755508422852,-1.0960025787353516,1.8325999975204468,-0.5621940493583679,0.0
150,0.11666665971279144,-0.4000000059604645,0.0,6.123234262925839e-17,-1.0,-6.123234262925839e-17,-6.123234262925839e-17,-1.9839057922363281,-0.5991592407226562,1.9605402946472168,1.1657509803771973,1.6543523073196411,0.1922495812177658,0.0
151,0.11666665971279144,-0.4000000059604645,0.10000000149011612,6.123234262925839e-17,-1.0,-6.123234262925839e-17,-6.123234262925839e-17,-1.9839036464691162,-0.871254563331604,2.063354730606079,1.1840332746505737,1.719767451286316,0.34946876764297485,0.0
152,0.11666665971279144,-0.4000000059604645,0.20000000298023224,6.123234262925839e-17,-1.0,-6.123234262925839e-17,-6.123234262925839e-17,-1.9839071035385132,-1.1159545183181763,2.092207193374634,1.2224849462509155,1.7976096868515015,0.5544701814651489,0.0
153,0.11666665971279144,-0.4000000059604645,0.30000001192092896,6.123234262925839e-17,-1.0,-6.123234262925839e-17,-6.123234262925839e-17,-1.9765009880065918,-1.3080699443817139,2.0477797985076904,1.2893790006637573,1.8325999975204468,0.7893905639648438,0.0
155,0.11666665971279144,-0.31111112236976624,0.0,6.123234262925839e-17,-1.0,-6.123234262925839e-17,-6.123234262925839e-17,-2.0840017795562744,-0.6751255393028259,2.2014057636260986,1.0580143928527832,1.5926463603973389,0.03878582641482353,0.0
156,0.11666665971279144,-0.31111112236976624,0.10000000149011612,6.123234262925839e-17,-1.0,-6.123234262925839e-17,-6.123234262925839e-17,-2.0839996337890625,-0.995388388633728,2.3149325847625732,1.0711244344711304,1.693163275718689,0.21999171376228333,0.0
157,0.11666665971279144,-0.31111112236976624,0.20000000298023224,6.123234262925839e-17,-1.0,-6.123234262925839e-17,-6.123234262925839e-17,-2.083998203277588,-1.2935707569122314,2.3475778102874756,1.1152043342590332,1.815822958946228,0.4597300887107849,0.0
160,0.11666665971279144,-0.2222222238779068,0.0,6.123234262925839e-17,-1.0,-6.123234262925839e-17,-6.123234262925839e-17,-2.2387924194335938,-0.7126634120941162,2.401590347290039,0.9061972498893738,1.497729778289795,-0.09290449321269989,0.0
161,0.11666665971279144,-0.2222222238779068,0.10000000149011612,6.123234262925839e-17,-1.0,-6.123234262925839e-17,-6.123234262925839e-17,-2.238798141479492,-1.0982532501220703,2.533034086227417,0.9073006510734558,1.654886245727539,0.10702618956565857,0.0
162,0.11666665971279144,-0.2222222238779068,0.20000000298023224,6.123234262925839e-17,-1.0,-6.123234262925839e-17,-6.123234262925839e-17,-2.2333226203918457,-1.4674676656723022,2.573068380355835,0.961482048034668,1.8325999975204468,0.37660858035087585,0.0
166,0.11666665971279144,-0.13333334028720856,0.10000000149011612,6.123234262925839e-17,-1.0,-6.123234262925839e-17,-6.123234262925839e-17,-2.491429328918457,-1.1747149229049683,2.708984851837158,0.6504844427108765,1.599867343902588,0.022105390205979347,0.0
181,0.11666665971279144,0.13333334028720856,0.10000000149011612,6.123234262925839e-17,-1.0,-6.123234262925839e-17,-6.123234262925839e-17,2.491429328918457,-1.174707055091858,2.708984851837158,-0.650492787361145,1.5998578071594238,-0.022121086716651917,0.0
185,0.11666665971279144,0.2222222238779068,0.0,6.123234262925839e-17,-1.0,-6.123234262925839e-17,-6.123234262925839e-17,2.2387969493865967,-0.7126644253730774,2.4015891551971436,-0.9061957001686096,1.4977277517318726,0.09290987253189087,0.0
186,0.11666665971279144,0.2222222238779068,0.10000000149011612,6.123234262925839e-17,-1.0,-6.123234262925839e-17,-6.123234262925839e-17,2.2387962341308594,-1.0982524156570435,2.533036470413208,-0.9072996377944946,1.6548807621002197,-0.1070246621966362,0.0
187,0.11666665971279144,0.2222222238779068,0.20000000298023224,6.123234262925839e-17,-1.0,-6.123234262925839e-17,-6.123234262925839e-17,2.233865976333618,-1.4670660495758057,2.5732433795928955,-0.9612743258476257,1.8325999975204468,-0.3760954737663269,0.0
190,0.11666665971279144,0.31111112236976624,0.0,6.123234262925839e-17,-1.0,-6.123234262925839e-17,-6.123234262925839e-17,2.0840015411376953,-0.6751364469528198,2.20141339302063,-1.0580166578292847,1.5926486253738403,-0.03878691792488098,0.0
191,0.11666665971279144,0.31111112236976624,0.10000000149011612,6.123234262925839e-17,-1.0,-6.123234262925839e-17,-6.123234262925839e-17,2.0839996337890625,-0.9953868985176086,2.3149306774139404,-1.0711230039596558,1.6931641101837158,-0.21999071538448334,0.0
192,0.11666665971279144,0.31111112236976624,0.20000000298023224,6.123234262925839e-17,-1.0,-6.123234262925839e-17,-6.123234262925839e-17,2.0839977264404297,-1.2935699224472046,2.347576379776001,-1.1151965856552124,1.815826177597046,-0.4597131907939911,0.0
195,0.11666665971279144,0.4000000059604645,0.0,6.123234262925839e-17,-1.0,-6.123234262925839e-17,-6.123234262925839e-17,1.983908772468567,-0.5991641879081726,1.9605438709259033,-1.1657413244247437,1.654353380203247,-0.19225294888019562,0.0
196,0.11666665971279144,0.4000000059604645,0.10000000149011612,6.123234262925839e-17,-1.0,-6.123234262925839e-17,-6.123234262925839e-17,1.9839062690734863,-0.8712477087974548,2.063350200653076,-1.1840324401855469,1.7197692394256592,-0.34946778416633606,0.0
197,0.11666665971279144,0.4000000059604645,0.20000000298023224,6.123234262925839e-17,-1.0,-6.123234262925839e-17,-6.123234262925839e-17,1.9839062690734863,-1.1159588098526,2.092212200164795,-1.222483515739441,1.7976069450378418,-0.5544767379760742,0.0
198,0.11666665971279144,0.4000000059604645,0.30000001192092896,6.123234262925839e-17,-1.0,-6.123234262925839e-17,-6.123234262925839e-17,1.9770121574401855,-1.3079739809036255,2.04792857170105,-1.2884151935577393,1.8325999975204468,-0.7894222140312195,0.0
200,0.20555555820465088,-0.4000000059604645,0.0,6.123234262925839e-17,-1.0,-6.123234262925839e-17,-6.123234262925839e-17,-1.7836387157440186,-0.6290904879570007,2.047025203704834,1.360355257987976,1.6029698848724365,0.14947447180747986,0.0
201,0.20555555820465088,-0.4000000059604645,0.10000000149011612,6.123234262925839e-17,-1.0,-6.123234262925839e-17,-6.123234262925839e-17,-1.783634901046753,-0.9157896637916565,2.152683734893799,1.3693886995315552,1.640080451965332,0.3268997371196747,0.0
202,0.20555555820465088,-0.4000000059604645,0.20000000298023224,6.123234262925839e-17,-1.0,-6.123234262925839e-17,-6.123234262925839e-17,-1.7836370468139648,-1.1765406131744385,2.1825573444366455,1.3902380466461182,1.6841020584106445,0.5545161962509155,0.0
203,0.20555555820465088,-0.4000000059604645,0.30000001192092896,6.123234262925839e-17,-1.0,-6.123234262925839e-17,-6.123234262925839e-17,-1.7836352586746216,-1.3825781345367432,2.134006977081299,-1.7172772884368896,-1.7257641553878784,-2.3336143493652344,0.0
204,0.20555555820465088,-0.4000000059604645,0.4000000059604645,6.123234262925839e-17,-1.0,-6.123234262925839e-17,-6.123234262925839e-17,-1.783634066581726,-1.5151033401489258,2.0111095905303955,-1.6732892990112305,-1.7576590776443481,-2.0764153003692627,0.0
205,0.20555555820465088,-0.31111112236976624,0.0,6.123234262925839e-17,-1.0,-6.123234262925839e-17,-6.123234262925839e-17,-1.8418151140213013,-0.6970126032829285,2.296627998352051,1.2998844385147095,1.563088297843933,-0.02776714414358139,0.0
206,0.20555555820465088,-0.31111112236976624,0.10000000149011612,6.123234262925839e-17,-1.0,-6.123234262925839e-17,-6.123234262925839e-17,-1.8418165445327759,-1.0444259643554688,2.4173061847686768,1.304818034172058,1.6234594583511353,0.19086666405200958,0.0
207,0.20555555820465088,-0.31111112236976624,0.20000000298023224,6.123234262925839e-17,-1.0,-6.123234262925839e-17,-6.123234262925839e-17,-1.8418183326721191,-1.3739826679229736,2.4525082111358643,1.3306529521942139,1.6976702213287354,0.4769434630870819,0.0
208,0.20555555820465088,-0.31111112236976624,0.30000001192092896,6.123234262925839e-17,-1.0,-6.123234262925839e-17,-6.123234262925839e-17,-1.841818928718567,-1.6284040212631226,2.3955624103546143,-1.7613168954849243,-1.7647408246994019,-2.356550693511963,0.0
209,0.20555555820465088,-0.31111112236976624,0.4000000059604645,6.123234262925839e-17,-1.0,-6.123234262925839e-17,-6.123234262925839e-17,-1.8418141603469849,-1.7778714895248413,2.256744384765625,-1.698129415512085,-1.8106920719146729,-2.065032720565796,0.0
210,0.20555555820465088,-0.2222222238779068,0.0,6.123234262925839e-17,-1.0,-6.123234262925839e-17,-6.123234262925839e-17,-1.941785216331482,-0.7147113680839539,2.5113611221313477,1.2084133625030518,1.4895222187042236,-0.21095767617225647,0.0
211,0.20555555820465088,-0.2222222238779068,0.10000000149011612,6.123234262925839e-17,-1.0,-6.123234262925839e-17,-6.123234262925839e-17,-1.9417760372161865,-1.1538262367248535,2.658827543258667,1.20054292678833,1.5946338176727295,0.061336416751146317,0.0
212,0.20555555820465088,-0.2222222238779068,0.20000000298023224,6.123234262925839e-17,-1.0,-6.123234262925839e-17,-6.123234262925839e-17,-1.9417812824249268,-1.6006258726119995,2.704418897628784,1.2364896535873413,1.734748363494873,0.4392779767513275,0.0
213,0.20555555820465088,-0.2222222238779068,0.30000001192092896,6.123234262925839e-17,-1.0,-6.123234262925839e-17,-6.123234262925839e-17,-1.933395266532898,-1.9198064804077148,2.6315438747406006,1.3277568817138672,1.8325999975204468,0.8257926106452942,0.0
216,0.20555555820465088,-0.13333334028720856,0.10000000149011612,6.123234262925839e-17,-1.0,-6.123234262925839e-17,-6.123234262925839e-17,-2.1459944248199463,-1.2341710329055786,2.873770236968994,0.9966844320297241,1.533385157585144,-0.05776135250926018,0.0
217,0.20555555820465088,-0.13333334028720856,0.20000000298023224,6.123234262925839e-17,-1.0,-6.123234262925839e-17,-6.123234262925839e-17,-2.13436222076416,-1.896451711654663,2.9396278858184814,1.0710241794586182,1.8325999975204468,0.45780321955680847,0.0
231,0.20555555820465088,0.13333334028720856,0.10000000149011612,6.123234262925839e-17,-1.0,-6.123234262925839e-17,-6.123234262925839e-17,2.14599871635437,-1.23417329788208,2.8737690448760986,-0.9966768622398376,1.5333895683288574,0.057752981781959534,0.0
232,0.20555555820465088,0.13333334028720856,0.20000000298023224,6.123234262925839e-17,-1.0,-6.123234262925839e-17,-6.123234262925839e-17,2.1342575550079346,-1.89635169506073,2.939589262008667,-1.0710548162460327,1.8325999975204468,-0.4579010307788849,0.0
235,0.20555555820465088,0.2222222238779068,0.0,6.123234262925839e-17,-1.0,-6.123234262925839e-17,-6.123234262925839e-17,1.9417840242385864,-0.7147106528282166,2.511362314224243,-1.2084176540374756,1.4895217418670654,0.21096009016036987,0.0
236,0.20555555820465088,0.2222222238779068,0.10000000149011612,6.123234262925839e-17,-1.0,-6.123234262925839e-17,-6.123234262925839e-17,1.9417849779129028,-1.1538196802139282,2.658827066421509,-1.200541377067566,1.5946329832077026,-0.061320215463638306,0.0
237,0.20555555820465088,0.2222222238779068,0.20000000298023224,6.123234262925839e-17,-1.0,-6.123234262925839e-17,-6.123234262925839e-17,1.941784381866455,-1.6006242036819458,2.704418897628784,-1.2364847660064697,1.7347474098205566,-0.4392780065536499,0.0
238,0.20555555820465088,0.2222222238779068,0.30000001192092896,6.123234262925839e-17,-1.0,-6.123234262925839e-17,-6.123234262925839e-17,1.9335566759109497,-1.9198397397994995,2.6317014694213867,-1.3276978731155396,1.8325999975204468,-0.8253228664398193,0.0
240,0.20555555820465088,0.31111112236976624,0.0,6.123234262925839e-17,-1.0,-6.123234262925839e-17,-6.123234262925839e-17,1.8418171405792236,-0.6970117688179016,2.2966251373291016,-1.2998818159103394,1.5630829334259033,0.0277676060795784,0.0
241,0.20555555820465088,0.31111112236976624,0.10000000149011612,6.123234262925839e-17,-1.0,-6.123234262925839e-17,-6.123234262925839e-17,1.8418080806732178,-1.044429898262024,2.417302131652832,-1.3048263788223267,1.623464584350586,-0.1908699870109558,0.0
242,0.20555555820465088,0.31111112236976624,0.20000000298023224,6.123234262925839e-17,-1.0,-6.123234262925839e-17,-6.123234262925839e-17,1.8418182134628296,-1.373984694480896,2.452510356903076,-1.330655813217163,1.6976673603057861,-0.4769456088542938,0.0
243,0.20555555820465088,0.31111112236976624,0.30000001192092896,6.123234262925839e-17,-1.0,-6.123234262925839e-17,-6.123234262925839e-17,1.8418152332305908,-1.6283977031707764,2.395566701889038,1.7613173723220825,-1.764735221862793,2.3565492630004883,0.0
244,0.20555555820465088,0.31111112236976624,0.4000000059604645,6.123234262925839e-17,-1.0,-6.123234262925839e-17,-6.123234262925839e-17,1.8418214321136475,-1.7778730392456055,2.2567460536956787,1.6981347799301147,-1.8106894493103027,2.065049409866333,0.0
245,0.20555555820465088,0.4000000059604645,0.0,6.123234262925839e-17,-1.0,-6.123234262925839e-17,-6.123234262925839e-17,1.783636450767517,-0.6290925145149231,2.047025442123413,-1.3603756427764893,1.6029635667800903,-0.14946511387825012,0.0
246,0.20555555820465088,0.4000000059604645,0.10000000149011612,6.123234262925839e-17,-1.0,-6.123234262925839e-17,-6.123234262925839e-17,1.7836352586746216,-0.9157945513725281,2.1526882648468018,-1.369390606880188,1.6400827169418335,-0.3269009292125702,0.0
247,0.20555555820465088,0.4000000059604645,0.20000000298023224,6.123234262925839e-17,-1.0,-6.123234262925839e-17,-6.123234262925839e-17,1.7836333513259888,-1.176537275314331,2.182568073272705,-1.3902281522750854,1.6840955018997192,-0.5544989109039307,0.0
248,0.20555555820465088,0.4000000059604645,0.30000001192092896,6.123234262925839e-17,-1.0,-6.123234262925839e-17,-6.123234262925839e-17,1.783636212348938,-1.382581114768982,2.1340067386627197,1.7172712087631226,-1.7257673740386963,2.333611011505127,0.0
249,0.20555555820465088,0.4000000059604645,0.4000000059604645,6.123234262925839e-17,-1.0,-6.123234262925839e-17,-6.123234262925839e-17,1.7836344242095947,-1.515104055404663,2.0111100673675537,1.6732866764068604,-1.7576611042022705,2.076413631439209,0.0
250,0.2944444417953491,-0.4000000059604645,0.0,6.123234262925839e-17,-1.0,-6.123234262925839e-17,-6.123234262925839e-17,-1.5646841526031494,-0.6382788419723511,2.0752251148223877,1.5768548250198364,1.5699816942214966,0.13385261595249176,0.0
251,0.2944444417953491,-0.4000000059604645,0.10000000149011612,6.123234262925839e-17,-1.0,-6.123234262925839e-17,-6.123234262925839e-17,-1.5646849870681763,-0.9303287863731384,2.182037115097046,1.5766066312789917,1.5688806772232056,0.3190813958644867,0.0
252,0.2944444417953491,-0.4000000059604645,0.20000000298023224,6.123234262925839e-17,-1.0,-6.123234262925839e-17,-6.123234262925839e-17,-1.5646814107894897,-1.1969672441482544,2.212320566177368,1.5759942531585693,1.5675660371780396,0.5554399490356445,0.0
253,0.2944444417953491,-0.4000000059604645,0.30000001192092896,6.123234262925839e-17,-1.0,-6.123234262925839e-17,-6.123234262925839e-17,-1.5646826028823853,-1.4074382781982422,2.1631252765655518,-1.5666042566299438,-1.56634521484375,-2.3264920711517334,0.0
254,0.2944444417953491,-0.4000000059604645,0.4000000059604645,6.123234262925839e-17,-1.0,-6.123234262925839e-17,-6.123234262925839e-17,-1.5646859407424927,-1.5420204401016235,2.039010524749756,-1.5678808689117432,-1.565425157546997,-2.0677926540374756,0.0
255,0.2944444417953491,-0.31111112236976624,0.0,6.123234262925839e-17,-1.0,-6.123234262925839e-17,-6.123234262925839e-17,-1.5629372596740723,-0.7028179168701172,2.3283162117004395,1.57864248752594,1.571223497390747,-0.05470351129770279,0.0
256,0.2944444417953491,-0.31111112236976624,0.10000000149011612,6.123234262925839e-17,-1.0,-6.123234262925839e-17,-6.123234262925839e-17,-1.562941551208496,-1.0607192516326904,2.4518842697143555,1.578523874282837,1.5693941116333008,0.1796267181634903,0.0
257,0.2944444417953491,-0.31111112236976624,0.20000000298023224,6.123234262925839e-17,-1.0,-6.123234262925839e-17,-6.123234262925839e-17,-1.5629416704177856,-1.4027173519134521,2.4881396293640137,1.5777429342269897,1.5671415328979492,0.4853544235229492,0.0
258,0.2944444417953491,-0.31111112236976624,0.30000001192092896,6.123234262925839e-17,-1.0,-6.123234262925839e-17,-6.123234262925839e-17,-1.5629374980926514,-1.6651229858398438,2.4295363426208496,-1.5653680562973022,-1.5651302337646484,-2.3352248668670654,0.0
259,0.2944444417953491,-0.31111112236976624,0.4000000059604645,6.123234262925839e-17,-1.0,-6.123234262925839e-17,-6.123234262925839e-17,-1.5629396438598633,-1.8162223100662231,2.2876830101013184,-1.567229986190796,-1.5637990236282349,-2.0422677993774414,0.0
260,0.2944444417953491,-0.2222222238779068,0.0,6.123234262925839e-17,-1.0,-6.123234262925839e-17,-6.123234262925839e-17,-1.5597952604293823,-0.7104924917221069,2.549013376235962,1.5814040899276733,1.573712944984436,-0.26770979166030884,0.0
261,0.2944444417953491,-0.2222222238779068,0.10000000149011612,6.123234262925839e-17,-1.0,-6.123234262925839e-17,-6.123234262925839e-17,-1.5598020553588867,-1.1725118160247803,2.7035961151123047,1.581777572631836,1.570365309715271,0.039710551500320435,0.0
262,0.2944444417953491,-0.2222222238779068,0.20000000298023224,6.123234262925839e-17,-1.0,-6.123234262925839e-17,-6.123234262925839e-17,-1.5597946643829346,-1.6523592472076416,2.7522432804107666,1.5805984735488892,1.5658049583435059,0.4708864688873291,0.0
263,0.2944444417953491,-0.2222222238779068,0.30000001192092896,6.123234262925839e-17,-1.0,-6.123234262925839e-17,-6.123234262925839e-17,-1.559799075126648,-1.9886928796768188,2.6745150089263916,-1.5638346672058105,-1.5622848272323608,-2.2566471099853516,0.0
264,0.2944444417953491,-0.2222222238779068,0.4000000059604645,6.123234262925839e-17,-1.0,-6.123234262925839e-17,-6.123234262925839e-17,-1.5597845315933228,-2.1359195709228516,2.500852584838867,-1.5668580532073975,-1.560520887374878,-1.935750126838684,0.0
266,0.2944444417953491,-0.13333334028720856,0.10000000149011612,6.123234262925839e-17,-1.0,-6.123234262925839e-17,-6.123234262925839e-17,-1.5524616241455078,-1.2509260177612305,2.939925193786621,1.589004397392273,1.5729577541351318,-0.11818567663431168,0.0
267,0.2944444417953491,-0.13333334028720856,0.20000000298023224,6.123234262925839e-17,-1.0,-6.123234262925839e-17,-6.123234262925839e-17,-1.552459955215454,-2.0661351680755615,3.0208466053009033,1.5857625007629395,1.5601953268051147,0.6160013675689697,0.0
268,0.2944444417953491,-0.13333334028720856,0.30000001192092896,6.123234262925839e-17,-1.0,-6.123234262925839e-17,-6.123234262925839e-17,-1.5524671077728271,-2.4688727855682373,2.8962931632995605,-1.563198447227478,-1.554114818572998,-1.998284935951233,0.0
269,0.2944444417953491,-0.13333334028720856,0.4000000059604645,6.123234262925839e-17,-1.0,-6.123234262925839e-17,-6.123234262925839e-17,-1.5524654388427734,-2.5267906188964844,2.669800281524658,-1.5681812763214111,-1.55265474319458,-1.7138265371322632,0.0
274,0.2944444417953491,-0.04444444552063942,0.4000000059604645,6.123234262925839e-17,-1.0,-6.123234262925839e-17,-6.123234262925839e-17,-1.5158754587173462,-2.9808242321014404,2.7697999477386475,-1.5823065042495728,-1.5170842409133911,-1.3594657182693481,0.0
279,0.2944444417953491,0.04444444552063942,0.4000000059604645,6.123234262925839e-17,-1.0,-6.123234262925839e-17,-6.123234262925839e-17,1.5158525705337524,-2.980804920196533,2.769788980484009,1.582319974899292,-1.5170714855194092,1.3594691753387451,0.0
281,0.2944444417953491,0.13333334028720856,0.10000000149011612,6.123234262925839e-17,-1.0,-6.123234262925839e-17,-6.123234262925839e-17,1.552464485168457,-1.2509301900863647,2.9399259090423584,-1.5889971256256104,1.5729601383209229,0.11818668991327286,0.0
282,0.2944444417953491,0.13333334028720856,0.20000000298023224,6.123234262925839e-17,-1.0,-6.123234262925839e-17,-6.123234262925839e-17,1.552454948425293,-2.066138505935669,3.020850419998169,-1.5857640504837036,1.5601963996887207,-0.6160056591033936,0.0
283,0.2944444417953491,0.13333334028720856,0.30000001192092896,6.123234262925839e-17,-1.0,-6.123234262925839e-17,-6.123234262925839e-17,1.5524646043777466,-2.4688808917999268,2.8962948322296143,1.5632009506225586,-1.5541175603866577,1.9982746839523315,0.0
284,0.2944444417953491,0.13333334028720856,0.4000000059604645,6.123234262925839e-17,-1.0,-6.123234262925839e-17,-6.123234262925839e-17,1.5524624586105347,-2.52679181098938,2.669797897338867,1.5681718587875366,-1.5526463985443115,1.7138206958770752,0.0
285,0.2944444417953491,0.2222222238779068,0.0,6.123234262925839e-17,-1.0,-6.123234262925839e-17,-6.123234262925839e-17,1.5597953796386719,-0.7104954719543457,2.5490198135375977,-1.581406831741333,1.5737041234970093,0.2677135467529297,0.0
286,0.2944444417953491,0.2222222238779068,0.10000000149011612,6.123234262925839e-17,-1.0,-6.123234262925839e-17,-6.123234262925839e-17,1.5597981214523315,-1.1725082397460938,2.7035953998565674,-1.581785798072815,1.570359706878662,-0.03970720246434212,0.0
287,0.2944444417953491,0.2222222238779068,0.20000000298023224,6.123234262925839e-17,-1.0,-6.123234262925839e-17,-6.123234262925839e-17,1.5597949028015137,-1.6523561477661133,2.752239942550659,-1.5806013345718384,1.5658023357391357,-0.47089245915412903,0.0
288,0.2944444417953491,0.2222222238779068,0.30000001192092896,6.123234262925839e-17,-1.0,-6.123234262925839e-17,-6.123234262925839e-17,1.5598018169403076,-1.9886868000030518,2.6745107173919678,1.5638258457183838,-1.5622837543487549,2.256641149520874,0.0
289,0.2944444417953491,0.2222222238779068,0.4000000059604645,6.123234262925839e-17,-1.0,-6.123234262925839e-17,-6.123234262925839e-17,1.5597995519638062,-2.135915517807007,2.500850200653076,1.5668751001358032,-1.5605225563049316,1.9357506036758423,0.0
290,0.2944444417953491,0.31111112236976624,0.0,6.123234262925839e-17,-1.0,-6.123234262925839e-17,-6.123234262925839e-17,1.5629384517669678,-0.7028239369392395,2.3283190727233887,-1.578642725944519,1.571227788925171,0.05469083786010742,0.0
291,0.2944444417953491,0.31111112236976624,0.10000000149011612,6.123234262925839e-17,-1.0,-6.123234262925839e-17,-6.123234262925839e-17,1.5629327297210693,-1.0607037544250488,2.4518775939941406,-1.5785257816314697,1.569395899772644,-0.17962400615215302,0.0
292,0.2944444417953491,0.31111112236976624,0.20000000298023224,6.123234262925839e-17,-1.0,-6.123234262925839e-17,-6.123234262925839e-17,1.5629407167434692,-1.4027127027511597,2.4881386756896973,-1.577744960784912,1.5671310424804688,-0.48535865545272827,0.0
293,0.2944444417953491,0.31111112236976624,0.30000001192092896,6.123234262925839e-17,-1.0,-6.123234262925839e-17,-6.123234262925839e-17,1.5629386901855469,-1.66513192653656,2.42954421043396,1.565369963645935,-1.5651196241378784,2.3352251052856445,0.0
294,0.2944444417953491,0.31111112236976624,0.4000000059604645,6.123234262925839e-17,-1.0,-6.123234262925839e-17,-6.123234262925839e-17,1.5629361867904663,-1.816217303276062,2.2876813411712646,1.567227840423584,-1.5637931823730469,2.04227352142334,0.0
295,0.2944444417953491,0.4000000059604645,0.0,6.123234262925839e-17,-1.0,-6.123234262925839e-17,-6.123234262925839e-17,1.5646873712539673,-0.6382772922515869,2.075218915939331,-1.5768530368804932,1.5699825286865234,-0.1338512897491455,0.0
296,0.2944444417953491,0.4000000059604645,0.10000000149011612,6.123234262925839e-17,-1.0,-6.123234262925839e-17,-6.123234262925839e-17,1.5646870136260986,-0.9303318858146667,2.182039737701416,-1.5765964984893799,1.5688786506652832,-0.31908440589904785,0.0
297,0.2944444417953491,0.4000000059604645,0.20000000298023224,6.123234262925839e-17,-1.0,-6.123234262925839e-17,-6.123234262925839e-17,1.5646827220916748,-1.1969664096832275,2.2123162746429443,-1.5759857892990112,1.5675723552703857,-0.5554313063621521,0.0
298,0.2944444417953491,0.4000000059604645,0.30000001192092896,6.123234262925839e-17,-1.0,-6.123234262925839e-17,-6.123234262925839e-17,1.564686894416809,-1.4074355363845825,2.163121223449707,1.5666054487228394,-1.5663496255874634,2.3264923095703125,0.0
299,0.2944444417953491,0.4000000059604645,0.4000000059604645,6.123234262925839e-17,-1.0,-6.123234262925839e-17,-6.123234262925839e-17,1.5646847486495972,-1.5420215129852295,2.039022445678711,1.5678846836090088,-1.5654165744781494,2.0678038597106934,0.0
300,0.38333332538604736,-0.4000000059604645,0.0,6.123234262925839e-17,-1.0,-6.123234262925839e-17,-6.123234262925839e-17,-1.346311092376709,-0.6280083656311035,2.0437562465667725,1.7926751375198364,1.5364103317260742,0.1512172520160675,0.0
301,0.38333332538604736,-0.4000000059604645,0.10000000149011612,6.123234262925839e-17,-1.0,-6.123234262925839e-17,-6.123234262925839e-17,-1.3463108539581299,-0.9141072034835815,2.149292230606079,1.7831389904022217,1.4974114894866943,0.3277859091758728,0.0
302,0.38333332538604736,-0.4000000059604645,0.20000000298023224,6.123234262925839e-17,-1.0,-6.123234262925839e-17,-6.123234262925839e-17,-1.3463102579116821,-1.174192190170288,2.179126024246216,1.7612024545669556,1.4511630535125732,0.554426372051239,0.0
303,0.38333332538604736,-0.4000000059604645,0.30000001192092896,6.123234262925839e-17,-1.0,-6.123234262925839e-17,-6.123234262925839e-17,-1.3463091850280762,-1.3797392845153809,2.1306395530700684,-1.4162483215332031,-1.4073278903961182,-2.3343822956085205,0.0
304,0.38333332538604736,-0.4000000059604645,0.4000000059604645,6.123234262925839e-17,-1.0,-6.123234262925839e-17,-6.123234262925839e-17,-1.3463062047958374,-1.5120177268981934,2.0078699588775635,-1.4625790119171143,-1.3737208843231201,-2.0773544311523438,0.0
305,0.38333332538604736,-0.31111112236976624,0.0,6.123234262925839e-17,-1.0,-6.123234262925839e-17,-6.123234262925839e-17,-1.2852470874786377,-0.6962922811508179,2.2929773330688477,1.8562545776367188,1.5780874490737915,-0.02484280802309513,0.0
306,0.38333332538604736,-0.31111112236976624,0.10000000149011612,6.123234262925839e-17,-1.0,-6.123234262925839e-17,-6.123234262925839e-17,-1.2852455377578735,-1.0425437688827515,2.4133424758911133,1.8509447574615479,1.514801025390625,0.19209639728069305,0.0
307,0.38333332538604736,-0.31111112236976624,0.20000000298023224,6.123234262925839e-17,-1.0,-6.123234262925839e-17,-6.123234262925839e-17,-1.2852437496185303,-1.370749831199646,2.448432683944702,1.8238519430160522,1.4370570182800293,0.47607436776161194,0.0
308,0.38333332538604736,-0.31111112236976624,0.30000001192092896,6.123234262925839e-17,-1.0,-6.123234262925839e-17,-6.123234262925839e-17,-1.2852483987808228,-1.6242773532867432,2.3916709423065186,-1.3697370290756226,-1.3666505813598633,-2.3588554859161377,0.0
309,0.38333332538604736,-0.31111112236976624,0.4000000059604645,6.123234262925839e-17,-1.0,-6.123234262925839e-17,-6.123234262925839e-17,-1.2852507829666138,-1.7735466957092285,2.2531790733337402,-1.436146855354309,-1.3182276487350464,-2.067548990249634,0.0
310,0.38333332538604736,-0.2222222238779068,0.0,6.123234262925839e-17,-1.0,-6.123234262925839e-17,-6.123234262925839e-17,-1.180844783782959,-0.7150102853775024,2.507068395614624,1.9521458148956299,1.6543151140213013,-0.20514152944087982,0.0
311,0.38333332538604736,-0.2222222238779068,0.10000000149011612,6.123234262925839e-17,-1.0,-6.123234262925839e-17,-6.123234262925839e-17,-1.180841088294983,-1.1516717672348022,2.6537797451019287,1.9599244594573975,1.5447062253952026,0.06354884803295135,0.0
312,0.38333332538604736,-0.2222222238779068,0.20000000298023224,6.123234262925839e-17,-1.0,-6.123234262925839e-17,-6.123234262925839e-17,-1.1808422803878784,-1.595058560371399,2.699059009552002,-1.2190274000167847,-1.3988776206970215,-2.705418109893799,0.0
313,0.38333332538604736,-0.2222222238779068,0.30000001192092896,6.123234262925839e-17,-1.0,-6.123234262925839e-17,-6.123234262925839e-17,-1.180840015411377,-1.9145234823226929,2.626476526260376,-1.3084689378738403,-1.2788655757904053,-2.3215372562408447,0.0
314,0.38333332538604736,-0.2222222238779068,0.4000000059604645,6.123234262925839e-17,-1.0,-6.123234262925839e-17,-6.123234262925839e-17,-1.1808382272720337,-2.066060781478882,2.4607090950012207,-1.4140751361846924,-1.2122313976287842,-1.9939062595367432,0.0
316,0.38333332538604736,-0.13333334028720856,0.10000000149011612,6.123234262925839e-17,-1.0,-6.123234262925839e-17,-6.123234262925839e-17,-0.9702078104019165,-1.232032060623169,2.866649627685547,2.1704282760620117,1.606846570968628,-0.05267598479986191,0.0
317,0.38333332538604736,-0.13333334028720856,0.20000000298023224,6.123234262925839e-17,-1.0,-6.123234262925839e-17,-6.123234262925839e-17,-0.9702169299125671,-1.8976033926010132,2.932939291000366,-1.0384178161621094,-1.2782970666885376,-2.6864142417907715,0.0
318,0.38333332538604736,-0.13333334028720856,0.30000001192092896,6.123234262925839e-17,-1.0,-6.123234262925839e-17,-6.123234262925839e-17,-0.970208466053009,-2.289952516555786,2.829049825668335,-1.2326464653015137,-1.0644584894180298,-2.1981608867645264,0.0
319,0.38333332538604736,-0.13333334028720856,0.4000000059604645,6.123234262925839e-17,-1.0,-6.123234262925839e-17,-6.123234262925839e-17,-0.9702117443084717,-2.3938424587249756,2.6220314502716064,-1.4170585870742798,-0.9878591299057007,-1.8451906442642212,0.0
322,0.38333332538604736,-0.04444444552063942,0.20000000298023224,6.123234262925839e-17,-1.0,-6.123234262925839e-17,-6.123234262925839e-17,-0.45286810398101807,-2.3626441955566406,3.129424571990967,-0.6116186380386353,-0.8664236664772034,-2.7152907848358154,0.0
323,0.38333332538604736,-0.04444444552063942,0.30000001192092896,6.123234262925839e-17,-1.0,-6.123234262925839e-17,-6.123234262925839e-17,-0.4528908133506775,-2.710947275161743,2.966323137283325,-1.0919815301895142,-0.5155447721481323,-2.1087543964385986,0.0
324,0.38333332538604736,-0.04444444552063942,0.4000000059604645,6.123234262925839e-17,-1.0,-6.123234262925839e-17,-6.123234262925839e-17,-0.4528845250606537,-2.6849381923675537,2.7152602672576904,-1.508575677871704,-0.45382794737815857,-1.6400017738342285,0.0
327,0.38333332538604736,0.04444444552063942,0.20000000298023224,6.123234262925839e-17,-1.0,-6.123234262925839e-17,-6.123234262925839e-17,0.4528919756412506,-2.3627443313598633,3.1294491291046143,0.6116939187049866,-0.8663777709007263,2.7152140140533447,0.0
328,0.38333332538604736,0.04444444552063942,0.30000001192092896,6.123234262925839e-17,-1.0,-6.123234262925839e-17,-6.123234262925839e-17,0.45289164781570435,-2.7109434604644775,2.9663238525390625,1.0919662714004517,-0.5155507326126099,2.1087701320648193,0.0
329,0.38333332538604736,0.04444444552063942,0.4000000059604645,6.123234262925839e-17,-1.0,-6.123234262925839e-17,-6.123234262925839e-17,0.4528917968273163,-2.684943675994873,2.715264320373535,1.5085524320602417,-0.4538373053073883,1.6400232315063477,0.0
331,0.38333332538604736,0.13333334028720856,0.10000000149011612,6.123234262925839e-17,-1.0,-6.123234262925839e-17,-6.123234262925839e-17,0.9702113270759583,-1.232032060623169,2.866652250289917,-2.1704323291778564,1.6068462133407593,0.052670180797576904,0.0
332,0.38333332538604736,0.13333334028720856,0.20000000298023224,6.123234262925839e-17,-1.0,-6.123234262925839e-17,-6.123234262925839e-17,0.9702052474021912,-1.8976049423217773,2.9329395294189453,1.0384118556976318,-1.2782906293869019,2.686414957046509,0.0
333,0.38333332538604736,0.13333334028720856,0.30000001192092896,6.123234262925839e-17,-1.0,-6.123234262925839e-17,-6.123234262925839e-17,0.9702067971229553,-2.2899608612060547,2.8290493488311768,1.232653021812439,-1.0644545555114746,2.198155164718628,0.0
334,0.38333332538604736,0.13333334028720856,0.4000000059604645,6.123234262925839e-17,-1.0,-6.123234262925839e-17,-6.123234262925839e-17,0.9702146649360657,-2.393852949142456,2.6220357418060303,1.4170619249343872,-0.9878725409507751,1.845183253288269,0.0
335,0.38333332538604736,0.2222222238779068,0.0,6.123234262925839e-17,-1.0,-6.123234262925839e-17,-6.123234262925839e-17,1.1808419227600098,-0.7150043845176697,2.507066249847412,-1.9521483182907104,1.6543207168579102,0.20513467490673065,0.0
336,0.38333332538604736,0.2222222238779068,0.10000000149011612,6.123234262925839e-17,-1.0,-6.123234262925839e-17,-6.123234262925839e-17,1.1808441877365112,-1.1516749858856201,2.6537835597991943,-1.9599182605743408,1.5447072982788086,-0.06354818493127823,0.0
337,0.38333332538604736,0.2222222238779068,0.20000000298023224,6.123234262925839e-17,-1.0,-6.123234262925839e-17,-6.123234262925839e-17,1.1808445453643799,-1.5950597524642944,2.699061632156372,1.2190325260162354,-1.398876667022705,2.7054226398468018,0.0
338,0.38333332538604736,0.2222222238779068,0.30000001192092896,6.123234262925839e-17,-1.0,-6.123234262925839e-17,-6.123234262925839e-17,1.1808452606201172,-1.9145163297653198,2.626467704772949,1.3084763288497925,-1.2788686752319336,2.3215301036834717,0.0
339,0.38333332538604736,0.2222222238779068,0.4000000059604645,6.123234262925839e-17,-1.0,-6.123234262925839e-17,-6.123234262925839e-17,1.1808443069458008,-2.0660533905029297,2.4607033729553223,1.4140655994415283,-1.212245225906372,1.9939069747924805,0.0
340,0.38333332538604736,0.31111112236976624,0.0,6.123234262925839e-17,-1.0,-6.123234262925839e-17,-6.123234262925839e-17,1.2852473258972168,-0.6962927579879761,2.292977809906006,-1.8562602996826172,1.5780870914459229,0.02484467439353466,0.0
341,0.38333332538604736,0.31111112236976624,0.10000000149011612,6.123234262925839e-17,-1.0,-6.123234262925839e-17,-6.123234262925839e-17,1.2852486371994019,-1.0425516366958618,2.413344144821167,-1.8509480953216553,1.5148066282272339,-0.1921079456806183,0.0
342,0.38333332538604736,0.31111112236976624,0.20000000298023224,6.123234262925839e-17,-1.0,-6.123234262925839e-17,-6.123234262925839e-17,1.2852485179901123,-1.3707542419433594,2.448432683944702,-1.8238391876220703,1.437055230140686,-0.4760851263999939,0.0
343,0.38333332538604736,0.31111112236976624,0.30000001192092896,6.123234262925839e-17,-1.0,-6.123234262925839e-17,-6.123234262925839e-17,1.285247564315796,-1.624271273612976,2.3916656970977783,1.3697338104248047,-1.3666514158248901,2.358859062194824,0.0
344,0.38333332538604736,0.31111112236976624,0.4000000059604645,6.123234262925839e-17,-1.0,-6.123234262925839e-17,-6.123234262925839e-17,1.2852483987808228,-1.773547887802124,2.253178358078003,1.4361480474472046,-1.3182204961776733,2.0675482749938965,0.0
345,0.38333332538604736,0.4000000059604645,0.0,6.123234262925839e-17,-1.0,-6.123234262925839e-17,-6.123234262925839e-17,1.3463127613067627,-0.6280106902122498,2.0437612533569336,-1.792672872543335,1.5364160537719727,-0.15121446549892426,0.0
346,0.38333332538604736,0.4000000059604645,0.10000000149011612,6.123234262925839e-17,-1.0,-6.123234262925839e-17,-6.123234262925839e-17,1.346311330795288,-0.9141082763671875,2.149291753768921,-1.7831385135650635,1.4974193572998047,-0.32778963446617126,0.0
347,0.38333332538604736,0.4000000059604645,0.20000000298023224,6.123234262925839e-17,-1.0,-6.123234262925839e-17,-6.123234262925839e-17,1.3463135957717896,-1.174189805984497,2.179123878479004,-1.7612015008926392,1.4511659145355225,-0.5544309020042419,0.0
348,0.38333332538604736,0.4000000059604645,0.30000001192092896,6.123234262925839e-17,-1.0,-6.123234262925839e-17,-6.123234262925839e-17,1.3463134765625,-1.3797379732131958,2.1306395530700684,1.4162496328353882,-1.4073275327682495,2.334378957748413,0.0
349,0.38333332538604736,0.4000000059604645,0.4000000059604645,6.123234262925839e-17,-1.0,-6.123234262925839e-17,-6.123234262925839e-17,1.346306562423706,-1.5120230913162231,2.0078699588775635,1.4625805616378784,-1.3737187385559082,2.0773584842681885,0.0
350,0.4722222089767456,-0.4000000059604645,0.0,6.123234262925839e-17,-1.0,-6.123234262925839e-17,-6.123234262925839e-17,-1.1474801301956177,-0.5968509316444397,1.9541466236114502,1.9855772256851196,1.4836475849151611,0.1951517015695572,0.0
351,0.4722222089767456,-0.4000000059604645,0.10000000149011612,6.123234262925839e-17,-1.0,-6.123234262925839e-17,-6.123234262925839e-17,-1.1474798917770386,-0.8679599165916443,2.0567874908447266,1.9667954444885254,1.4170665740966797,0.3510681092739105,0.0
352,0.4722222089767456,-0.4000000059604645,0.20000000298023224,6.123234262925839e-17,-1.0,-6.123234262925839e-17,-6.123234262925839e-17,-1.1474802494049072,-1.1115952730178833,2.0855820178985596,-1.2140650749206543,-1.337830662727356,-2.5869648456573486,0.0
353,0.4722222089767456,-0.4000000059604645,0.30000001192092896,6.123234262925839e-17,-1.0,-6.123234262925839e-17,-6.123234262925839e-17,-1.1474758386611938,-1.3044371604919434,2.038729190826416,-1.2776023149490356,-1.260926604270935,-2.3512074947357178,0.0
354,0.4722222089767456,-0.4000000059604645,0.4000000059604645,6.123234262925839e-17,-1.0,-6.123234262925839e-17,-6.123234262925839e-17,-1.1474815607070923,-1.4301937818527222,1.9189947843551636,-1.3623073101043701,-1.1996554136276245,-2.098864793777466,0.0
355,0.4722222089767456,-0.31111112236976624,0.0,6.123234262925839e-17,-1.0,-6.123234262925839e-17,-6.123234262925839e-17,-1.0457476377487183,-0.6733161807060242,2.1944801807403564,2.095308780670166,1.5459238290786743,0.042955633252859116,0.0
356,0.4722222089767456,-0.31111112236976624,0.10000000149011612,6.123234262925839e-17,-1.0,-6.123234262925839e-17,-6.123234262925839e-17,-1.045748233795166,-0.9918161034584045,2.3075649738311768,2.0817019939422607,1.4439935684204102,0.22189301252365112,0.0
357,0.4722222089767456,-0.31111112236976624,0.20000000298023224,6.123234262925839e-17,-1.0,-6.123234262925839e-17,-6.123234262925839e-17,-1.0457483530044556,-1.2880127429962158,2.340050220489502,-1.104697585105896,-1.3196431398391724,-2.682743549346924,0.0
358,0.4722222089767456,-0.31111112236976624,0.30000001192092896,6.123234262925839e-17,-1.0,-6.123234262925839e-17,-6.123234262925839e-17,-1.0457490682601929,-1.519846796989441,2.2873692512512207,-1.18837308883667,-1.2017598152160645,-2.410548448562622,0.0
359,0.4722222089767456,-0.31111112236976624,0.4000000059604645,6.123234262925839e-17,-1.0,-6.123234262925839e-17,-6.123234262925839e-17,-1.0457499027252197,-1.6629302501678467,2.156602382659912,-1.302891492843628,-1.1136341094970703,-2.127150297164917,0.0
360,0.4722222089767456,-0.2222222238779068,0.0,6.123234262925839e-17,-1.0,-6.123234262925839e-17,-6.123234262925839e-17,-0.8893849849700928,-0.7118814587593079,2.3937690258026123,2.2491836547851562,1.6406900882720947,-0.08642470091581345,0.0
361,0.4722222089767456,-0.2222222238779068,0.10000000149011612,6.123234262925839e-17,-1.0,-6.123234262925839e-17,-6.123234262925839e-17,-0.8893852233886719,-1.094258427619934,2.524277925491333,2.2473480701446533,1.4822989702224731,0.10962585359811783,0.0
362,0.4722222089767456,-0.2222222238779068,0.20000000298023224,6.123234262925839e-17,-1.0,-6.123234262925839e-17,-6.123234262925839e-17,-0.8893796801567078,-1.4661495685577393,2.563124418258667,-0.9456910490989685,-1.2792686223983765,-2.7625837326049805,0.0
363,0.4722222089767456,-0.2222222238779068,0.30000001192092896,6.123234262925839e-17,-1.0,-6.123234262925839e-17,-6.123234262925839e-17,-0.8893822431564331,-1.7469124794006348,2.5004849433898926,-1.0641800165176392,-1.0935349464416504,-2.4501500129699707,0.0
364,0.4722222089767456,-0.2222222238779068,0.4000000059604645,6.123234262925839e-17,-1.0,-6.123234262925839e-17,-6.123234262925839e-17,-0.8893863558769226,-1.9003570079803467,2.3513593673706055,-1.2310153245925903,-0.9680502414703369,-2.128343343734741,0.0
365,0.4722222089767456,-0.13333334028720856,0.0,6.123234262925839e-17,-1.0,-6.123234262925839e-17,-6.123234262925839e-17,-0.6369560360908508,-0.7111568450927734,2.544560194015503,2.4878716468811035,1.781032919883728,-0.1585361659526825,0.0
366,0.4722222089767456,-0.13333334028720856,0.10000000149011612,6.123234262925839e-17,-1.0,-6.123234262925839e-17,-6.123234262925839e-17,-0.6369600296020508,-1.1703113317489624,2.6982412338256836,2.504195213317871,1.5363377332687378,0.025505952537059784,0.0
367,0.4722222089767456,-0.13333334028720856,0.20000000298023224,6.123234262925839e-17,-1.0,-6.123234262925839e-17,-6.123234262925839e-17,-0.6369574666023254,-1.6459344625473022,2.7464964389801025,-0.692711353302002,-1.1979725360870361,-2.848036766052246,0.0
368,0.4722222089767456,-0.13333334028720856,0.30000001192092896,6.123234262925839e-17,-1.0,-6.123234262925839e-17,-6.123234262925839e-17,-0.6369531154632568,-1.980405569076538,2.6693637371063232,-0.8609156012535095,-0.9013580679893494,-2.5161707401275635,0.0
369,0.4722222089767456,-0.13333334028720856,0.4000000059604645,6.123234262925839e-17,-1.0,-6.123234262925839e-17,-6.123234262925839e-17,-0.6369547247886658,-2.128227710723877,2.4965932369232178,-1.117824673652649,-0.722758412361145,-2.1464531421661377,0.0
373,0.4722222089767456,-0.04444444552063942,0.30000001192092896,6.123234262925839e-17,-1.0,-6.123234262925839e-17,-6.123234262925839e-17,-0.24178898334503174,-2.1593241691589355,2.7692902088165283,-0.40652453899383545,-0.6504305005073547,-2.8115193843841553,0.0
374,0.4722222089767456,-0.04444444552063942,0.4000000059604645,6.123234262925839e-17,-1.0,-6.123234262925839e-17,-6.123234262925839e-17,-0.24179629981517792,-2.2872684001922607,2.5768117904663086,-0.7124478816986084,-0.3750334680080414,-2.4645612239837646,0.0
378,0.4722222089767456,0.04444444552063942,0.30000001192092896,6.123234262925839e-17,-1.0,-6.123234262925839e-17,-6.123234262925839e-17,0.24178433418273926,-2.1593196392059326,2.769284963607788,0.4065193235874176,-0.6504261493682861,2.8115243911743164,0.0
379,0.4722222089767456,0.04444444552063942,0.4000000059604645,6.123234262925839e-17,-1.0,-6.123234262925839e-17,-6.123234262925839e-17,0.24178792536258698,-2.287280797958374,2.5768210887908936,0.7124224901199341,-0.3750268518924713,2.4645895957946777,0.0
380,0.4722222089767456,0.13333334028720856,0.0,6.123234262925839e-17,-1.0,-6.123234262925839e-17,-6.123234262925839e-17,0.636959433555603,-0.7111610770225525,2.5445632934570312,-2.4878718852996826,1.7810368537902832,0.1585364043712616,0.0
381,0.4722222089767456,0.13333334028720856,0.10000000149011612,6.123234262925839e-17,-1.0,-6.123234262925839e-17,-6.123234262925839e-17,0.6369616985321045,-1.1703143119812012,2.6982409954071045,-2.5041933059692383,1.5363306999206543,-0.02550806850194931,0.0
382,0.4722222089767456,0.13333334028720856,0.20000000298023224,6.123234262925839e-17,-1.0,-6.123234262925839e-17,-6.123234262925839e-17,0.6369601488113403,-1.6459357738494873,2.746499538421631,0.6927115321159363,-1.19796884059906,2.8480379581451416,0.0
383,0.4722222089767456,0.13333334028720856,0.30000001192092896,6.123234262925839e-17,-1.0,-6.123234262925839e-17,-6.123234262925839e-17,0.6369666457176208,-1.9804058074951172,2.669365882873535,0.8609264492988586,-0.9013732671737671,2.516155242919922,0.0
384,0.4722222089767456,0.13333334028720856,0.4000000059604645,6.123234262925839e-17,-1.0,-6.123234262925839e-17,-6.123234262925839e-17,0.6369618773460388,-2.1282262802124023,2.496595621109009,1.117835283279419,-0.7227757573127747,2.1464574337005615,0.0
385,0.4722222089767456,0.2222222238779068,0.0,6.123234262925839e-17,-1.0,-6.123234262925839e-17,-6.123234262925839e-17,0.8893885612487793,-0.7118845582008362,2.393770217895508,-2.249180793762207,1.640682339668274,0.08641863614320755,0.0
386,0.4722222089767456,0.2222222238779068,0.10000000149011612,6.123234262925839e-17,-1.0,-6.123234262925839e-17,-6.123234262925839e-17,0.8893868923187256,-1.0942577123641968,2.524280309677124,-2.247342586517334,1.4822978973388672,-0.10962247103452682,0.0
387,0.4722222089767456,0.2222222238779068,0.20000000298023224,6.123234262925839e-17,-1.0,-6.123234262925839e-17,-6.123234262925839e-17,0.8893836736679077,-1.4661496877670288,2.5631263256073,0.9456868767738342,-1.2792680263519287,2.7625792026519775,0.0
388,0.4722222089767456,0.2222222238779068,0.30000001192092896,6.123234262925839e-17,-1.0,-6.123234262925839e-17,-6.123234262925839e-17,0.8893911242485046,-1.746909499168396,2.500483989715576,1.0641812086105347,-1.0935401916503906,2.4501564502716064,0.0
389,0.4722222089767456,0.2222222238779068,0.4000000059604645,6.123234262925839e-17,-1.0,-6.123234262925839e-17,-6.123234262925839e-17,0.8893870115280151,-1.9003593921661377,2.3513588905334473,1.2310200929641724,-0.9680491089820862,2.1283390522003174,0.0
390,0.4722222089767456,0.31111112236976624,0.0,6.123234262925839e-17,-1.0,-6.123234262925839e-17,-6.123234262925839e-17,1.0457450151443481,-0.6733164191246033,2.194477081298828,-2.0953242778778076,1.5459222793579102,-0.042962949723005295,0.0
391,0.4722222089767456,0.31111112236976624,0.10000000149011612,6.123234262925839e-17,-1.0,-6.123234262925839e-17,-6.123234262925839e-17,1.045747995376587,-0.9918129444122314,2.307560682296753,-2.081698179244995,1.4439924955368042,-0.22189347445964813,0.0
392,0.4722222089767456,0.31111112236976624,0.20000000298023224,6.123234262925839e-17,-1.0,-6.123234262925839e-17,-6.123234262925839e-17,1.0457466840744019,-1.288011908531189,2.3400514125823975,1.1046855449676514,-1.3196330070495605,2.68274188041687,0.0
393,0.4722222089767456,0.31111112236976624,0.30000001192092896,6.123234262925839e-17,-1.0,-6.123234262925839e-17,-6.123234262925839e-17,1.0457452535629272,-1.5198513269424438,2.287376642227173,1.1883635520935059,-1.2017500400543213,2.4105513095855713,0.0
394,0.4722222089767456,0.31111112236976624,0.4000000059604645,6.123234262925839e-17,-1.0,-6.123234262925839e-17,-6.123234262925839e-17,1.045750379562378,-1.6629289388656616,2.156611919403076,1.302886962890625,-1.113643765449524,2.127171516418457,0.0
395,0.4722222089767456,0.4000000059604645,0.0,6.123234262925839e-17,-1.0,-6.123234262925839e-17,-6.123234262925839e-17,1.1474823951721191,-0.5968539118766785,1.9541510343551636,-1.9855846166610718,1.4836500883102417,-0.195143461227417,0.0
396,0.4722222089767456,0.4000000059604645,0.10000000149011612,6.123234262925839e-17,-1.0,-6.123234262925839e-17,-6.123234262925839e-17,1.1474831104278564,-0.8679534196853638,2.056783676147461,-1.9667991399765015,1.4170728921890259,-0.3510611057281494,0.0
397,0.4722222089767456,0.4000000059604645,0.20000000298023224,6.123234262925839e-17,-1.0,-6.123234262925839e-17,-6.123234262925839e-17,1.1474783420562744,-1.1115937232971191,2.0855884552001953,1.214069128036499,-1.3378340005874634,2.586975574493408,0.0
398,0.4722222089767456,0.4000000059604645,0.30000001192092896,6.123234262925839e-17,-1.0,-6.123234262925839e-17,-6.123234262925839e-17,1.1474883556365967,-1.3044233322143555,2.0387094020843506,1.2776116132736206,-1.2609375715255737,2.351196050643921,0.0
399,0.4722222089767456,0.4000000059604645,0.4000000059604645,6.123234262925839e-17,-1.0,-6.123234262925839e-17,-6.123234262925839e-17,1.1474792957305908,-1.4301964044570923,1.9189989566802979,1.362304925918579,-1.1996532678604126,2.098876953125,0.0
400,0.5611110925674438,-0.4000000059604645,0.0,6.123234262925839e-17,-1.0,-6.123234262925839e-17,-6.123234262925839e-17,-0.9785753488540649,-0.5415590405464172,1.8090360164642334,2.141572952270508,1.4032835960388184,0.25406908988952637,0.0
401,0.5611110925674438,-0.4000000059604645,0.10000000149011612,6.123234262925839e-17,-1.0,-6.123234262925839e-17,-6.123234262925839e-17,-0.9785754680633545,-0.7934011816978455,1.9090064764022827,-1.0272446870803833,-1.3228580951690674,-2.7558200359344482,0.0
402,0.5611110925674438,-0.4000000059604645,0.20000000298023224,6.123234262925839e-17,-1.0,-6.123234262925839e-17,-6.123234262925839e-17,-0.9785709381103516,-1.0158611536026,1.9367563724517822,-1.079045057296753,-1.2262414693832397,-2.5789616107940674,0.0
403,0.5611110925674438,-0.4000000059604645,0.30000001192092896,6.123234262925839e-17,-1.0,-6.123234262925839e-17,-6.123234262925839e-17,-0.9785747528076172,-1.1915444135665894,1.8915367126464844,-1.1618236303329468,-1.1296902894973755,-2.363713264465332,0.0
404,0.5611110925674438,-0.4000000059604645,0.4000000059604645,6.123234262925839e-17,-1.0,-6.123234262925839e-17,-6.123234262925839e-17,-0.97857666015625,-1.30696439743042,1.7744426727294922,-1.2764252424240112,-1.0491447448730469,-2.1173791885375977,0.0
405,0.5611110925674438,-0.31111112236976624,0.0,6.123234262925839e-17,-1.0,-6.123234262925839e-17,-6.123234262925839e-17,-0.857663631439209,-0.6269181966781616,2.0404880046844482,2.277798891067505,1.4681811332702637,0.11934377253055573,0.0
406,0.5611110925674438,-0.31111112236976624,0.10000000149011612,6.123234262925839e-17,-1.0,-6.123234262925839e-17,-6.123234262925839e-17,-0.8576591610908508,-0.9124271273612976,2.145904064178467,2.2553677558898926,1.3525477647781372,0.25928425788879395,0.0
407,0.5611110925674438,-0.31111112236976624,0.20000000298023224,6.123234262925839e-17,-1.0,-6.123234262925839e-17,-6.123234262925839e-17,-0.8576536178588867,-1.1718568801879883,2.1756951808929443,-0.9404335021972656,-1.2117866277694702,-2.69283127784729,0.0
408,0.5611110925674438,-0.31111112236976624,0.30000001192092896,6.123234262925839e-17,-1.0,-6.123234262925839e-17,-6.123234262925839e-17,-0.8576579093933105,-1.3769056797027588,2.1272780895233154,-1.0378708839416504,-1.0718367099761963,-2.4600346088409424,0.0
409,0.5611110925674438,-0.31111112236976624,0.4000000059604645,6.123234262925839e-17,-1.0,-6.123234262925839e-17,-6.123234262925839e-17,-0.85765540599823,-1.5089499950408936,2.004648447036743,-1.1804744005203247,-0.9576215744018555,-2.1914939880371094,0.0
410,0.5611110925674438,-0.2222222238779068,0.0,6.123234262925839e-17,-1.0,-6.123234262925839e-17,-6.123234262925839e-17,-0.6902542114257812,-0.6809570789337158,2.224407434463501,2.4511542320251465,1.5497105121612549,0.01741204224526882,0.0
411,0.5611110925674438,-0.2222222238779068,0.10000000149011612,6.123234262925839e-17,-1.0,-6.123234262925839e-17,-6.123234262925839e-17,-0.6902562975883484,-1.00724196434021,2.3394737243652344,2.4371910095214844,1.3875601291656494,0.153633713722229,0.0
412,0.5611110925674438,-0.2222222238779068,0.20000000298023224,6.123234262925839e-17,-1.0,-6.123234262925839e-17,-6.123234262925839e-17,-0.6902577877044678,-1.312287449836731,2.37266206741333,-0.7578694820404053,-1.1845510005950928,-2.7991316318511963,0.0
413,0.5611110925674438,-0.2222222238779068,0.30000001192092896,6.123234262925839e-17,-1.0,-6.123234262925839e-17,-6.123234262925839e-17,-0.6902516484260559,-1.550288438796997,2.318885326385498,-0.8710675239562988,-0.9832419753074646,-2.5592806339263916,0.0
414,0.5611110925674438,-0.2222222238779068,0.4000000059604645,6.123234262925839e-17,-1.0,-6.123234262925839e-17,-6.123234262925839e-17,-0.6902533173561096,-1.6953706741333008,2.1860055923461914,-1.052268385887146,-0.8228687644004822,-2.268857479095459,0.0
415,0.5611110925674438,-0.13333334028720856,0.0,6.123234262925839e-17,-1.0,-6.123234262925839e-17,-6.123234262925839e-17,-0.4600086808204651,-0.7073044776916504,2.3568737506866455,2.6803438663482666,1.6413614749908447,-0.035031385719776154,0.0
416,0.5611110925674438,-0.13333334028720856,0.10000000149011612,6.123234262925839e-17,-1.0,-6.123234262925839e-17,-6.123234262925839e-17,-0.46000638604164124,-1.0753695964813232,2.483293056488037,2.6762681007385254,1.4249804019927979,0.0728176087141037,0.0
417,0.5611110925674438,-0.13333334028720856,0.20000000298023224,6.123234262925839e-17,-1.0,-6.123234262925839e-17,-6.123234262925839e-17,-0.46000999212265015,-1.4296385049819946,2.5205960273742676,2.6322193145751953,1.1443368196487427,0.22705653309822083,0.0
418,0.5611110925674438,-0.13333334028720856,0.30000001192092896,6.123234262925839e-17,-1.0,-6.123234262925839e-17,-6.123234262925839e-17,-0.46001073718070984,-1.6997419595718384,2.4603512287139893,-0.6231902837753296,-0.8643763065338135,-2.7050676345825195,0.0
419,0.5611110925674438,-0.13333334028720856,0.4000000059604645,6.123234262925839e-17,-1.0,-6.123234262925839e-17,-6.123234262925839e-17,-0.4600098431110382,-1.8520563840866089,2.3154990673065186,-0.8367370367050171,-0.6409438848495483,-2.4152424335479736,0.0
424,0.5611110925674438,-0.04444444552063942,0.4000000059604645,6.123234262925839e-17,-1.0,-6.123234262925839e-17,-6.123234262925839e-17,-0.16368204355239868,-1.9470056295394897,2.384232521057129,-0.37189143896102905,-0.46500667929649353,-2.8061301708221436,0.0
429,0.5611110925674438,0.04444444552063942,0.4000000059604645,6.123234262925839e-17,-1.0,-6.123234262925839e-17,-6.123234262925839e-17,0.16368632018566132,-1.9469956159591675,2.38423752784729,0.3719077706336975,-0.46502766013145447,2.8061349391937256,0.0
430,0.5611110925674438,0.13333334028720856,0.0,6.123234262925839e-17,-1.0,-6.123234262925839e-17,-6.123234262925839e-17,0.4600086212158203,-0.7072970271110535,2.3568687438964844,-2.680346965789795,1.6413674354553223,0.03503035381436348,0.0
431,0.5611110925674438,0.13333334028720856,0.10000000149011612,6.123234262925839e-17,-1.0,-6.123234262925839e-17,-6.123234262925839e-17,0.46000540256500244,-1.0753679275512695,2.483288288116455,-2.6762704849243164,1.4249787330627441,-0.07282277196645737,0.0
432,0.5611110925674438,0.13333334028720856,0.20000000298023224,6.123234262925839e-17,-1.0,-6.123234262925839e-17,-6.123234262925839e-17,0.4600066542625427,-1.4296356439590454,2.520597457885742,-2.6322238445281982,1.1443427801132202,-0.22705025970935822,0.0
433,0.5611110925674438,0.13333334028720856,0.30000001192092896,6.123234262925839e-17,-1.0,-6.123234262925839e-17,-6.123234262925839e-17,0.4600081145763397,-1.6997443437576294,2.460354804992676,0.623177707195282,-0.8643813133239746,2.7050788402557373,0.0
434,0.5611110925674438,0.13333334028720856,0.4000000059604645,6.123234262925839e-17,-1.0,-6.123234262925839e-17,-6.123234262925839e-17,0.4600093364715576,-1.8520541191101074,2.3154969215393066,0.8367375135421753,-0.6409438252449036,2.4152426719665527,0.0
435,0.5611110925674438,0.2222222238779068,0.0,6.123234262925839e-17,-1.0,-6.123234262925839e-17,-6.123234262925839e-17,0.6902545094490051,-0.6809576749801636,2.2244091033935547,-2.4511544704437256,1.5497151613235474,-0.01741139218211174,0.0
436,0.5611110925674438,0.2222222238779068,0.10000000149011612,6.123234262925839e-17,-1.0,-6.123234262925839e-17,-6.123234262925839e-17,0.6902546286582947,-1.0072399377822876,2.339473247528076,-2.4371955394744873,1.387558937072754,-0.15362931787967682,0.0
437,0.5611110925674438,0.2222222238779068,0.20000000298023224,6.123234262925839e-17,-1.0,-6.123234262925839e-17,-6.123234262925839e-17,0.6902521848678589,-1.3122938871383667,2.372666597366333,0.7578622698783875,-1.1845552921295166,2.7991256713867188,0.0
438,0.5611110925674438,0.2222222238779068,0.30000001192092896,6.123234262925839e-17,-1.0,-6.123234262925839e-17,-6.123234262925839e-17,0.6902567744255066,-1.5502839088439941,2.318882465362549,0.8710733652114868,-0.98324054479599,2.5592739582061768,0.0
439,0.5611110925674438,0.2222222238779068,0.4000000059604645,6.123234262925839e-17,-1.0,-6.123234262925839e-17,-6.123234262925839e-17,0.6902595162391663,-1.6953773498535156,2.1860177516937256,1.0522607564926147,-0.8228785395622253,2.2688660621643066,0.0
440,0.5611110925674438,0.31111112236976624,0.0,6.123234262925839e-17,-1.0,-6.123234262925839e-17,-6.123234262925839e-17,0.8576561212539673,-0.6269150376319885,2.0404906272888184,-2.277798891067505,1.4681764841079712,-0.11932846158742905,0.0
441,0.5611110925674438,0.31111112236976624,0.10000000149011612,6.123234262925839e-17,-1.0,-6.123234262925839e-17,-6.123234262925839e-17,0.8576613664627075,-0.9124276638031006,2.1459054946899414,-2.255368232727051,1.3525464534759521,-0.25928226113319397,0.0
442,0.5611110925674438,0.31111112236976624,0.20000000298023224,6.123234262925839e-17,-1.0,-6.123234262925839e-17,-6.123234262925839e-17,0.8576567769050598,-1.1718577146530151,2.1756978034973145,0.9404409527778625,-1.211779236793518,2.6928305625915527,0.0
443,0.5611110925674438,0.31111112236976624,0.30000001192092896,6.123234262925839e-17,-1.0,-6.123234262925839e-17,-6.123234262925839e-17,0.8576595187187195,-1.3769031763076782,2.12727689743042,1.0378810167312622,-1.0718401670455933,2.460028648376465,0.0
444,0.5611110925674438,0.31111112236976624,0.4000000059604645,6.123234262925839e-17,-1.0,-6.123234262925839e-17,-6.123234262925839e-17,0.8576597571372986,-1.5089603662490845,2.004650115966797,1.180476427078247,-0.9576190710067749,2.1914725303649902,0.0
445,0.5611110925674438,0.4000000059604645,0.0,6.123234262925839e-17,-1.0,-6.123234262925839e-17,-6.123234262925839e-17,0.9785745143890381,-0.5415574312210083,1.8090343475341797,-2.141576051712036,1.4032877683639526,-0.2540557384490967,0.0
446,0.5611110925674438,0.4000000059604645,0.10000000149011612,6.123234262925839e-17,-1.0,-6.123234262925839e-17,-6.123234262925839e-17,0.9785736799240112,-0.7933939695358276,1.9090056419372559,1.0272290706634521,-1.3228628635406494,2.755828380584717,0.0
447,0.5611110925674438,0.4000000059604645,0.20000000298023224,6.123234262925839e-17,-1.0,-6.123234262925839e-17,-6.123234262925839e-17,0.9785753488540649,-1.0158625841140747,1.936763882637024,1.079054594039917,-1.2262476682662964,2.578972101211548,0.0
448,0.5611110925674438,0.4000000059604645,0.30000001192092896,6.123234262925839e-17,-1.0,-6.123234262925839e-17,-6.123234262925839e-17,0.9785749912261963,-1.1915442943572998,1.891531229019165,1.1618303060531616,-1.1296887397766113,2.3637020587921143,0.0
449,0.5611110925674438,0.4000000059604645,0.4000000059604645,6.123234262925839e-17,-1.0,-6.123234262925839e-17,-6.123234262925839e-17,0.9785776734352112,-1.30696702003479,1.7744417190551758,1.2764257192611694,-1.0491517782211304,2.117373466491699,0.0
450,0.6499999761581421,-0.4000000059604645,0.0,6.123234262925839e-17,-1.0,-6.123234262925839e-17,-6.123234262925839e-17,-0.8407509922981262,-0.4575456976890564,1.6077642440795898,-0.8857725262641907,-1.2950290441513062,-2.8198940753936768,0.0
451,0.6499999761581421,-0.4000000059604645,0.10000000149011612,6.123234262925839e-17,-1.0,-6.123234262925839e-17,-6.123234262925839e-17,-0.8407498598098755,-0.6905404329299927,1.7076562643051147,-0.9201133251190186,-1.2125016450881958,-2.7099344730377197,0.0
452,0.6499999761581421,-0.4000000059604645,0.20000000298023224,6.123234262925839e-17,-1.0,-6.123234262925839e-17,-6.123234262925839e-17,-0.8407501578330994,-0.8915854692459106,1.7350385189056396,-0.9815140962600708,-1.1113901138305664,-2.55592942237854,0.0
453,0.6499999761581421,-0.4000000059604645,0.30000001192092896,6.123234262925839e-17,-1.0,-6.123234262925839e-17,-6.123234262925839e-17,-0.8407485485076904,-1.0485038757324219,1.690346121788025,-1.0789097547531128,-1.0072494745254517,-2.3577089309692383,0.0
454,0.6499999761581421,-0.4000000059604645,0.4000000059604645,6.123234262925839e-17,-1.0,-6.123234262925839e-17,-6.123234262925839e-17,-0.8407498598098755,-1.150149941444397,1.5727152824401855,-1.2190322875976562,-0.9169535040855408,-2.113743782043457,0.0
455,0.6499999761581421,-0.31111112236976624,0.0,6.123234262925839e-17,-1.0,-6.123234262925839e-17,-6.123234262925839e-17,-0.7154334783554077,-0.5522144436836243,1.835984468460083,2.405423641204834,1.3554563522338867,0.19124706089496613,0.0
456,0.6499999761581421,-0.31111112236976624,0.10000000149011612,6.123234262925839e-17,-1.0,-6.123234262925839e-17,-6.123234262925839e-17,-0.7154397368431091,-0.807223379611969,1.9362729787826538,-0.7656766176223755,-1.2422288656234741,-2.8407938480377197,0.0
457,0.6499999761581421,-0.31111112236976624,0.20000000298023224,6.123234262925839e-17,-1.0,-6.123234262925839e-17,-6.123234262925839e-17,-0.7154390215873718,-1.033189058303833,1.9641679525375366,-0.8253589868545532,-1.1033003330230713,-2.6874351501464844,0.0
458,0.6499999761581421,-0.31111112236976624,0.30000001192092896,6.123234262925839e-17,-1.0,-6.123234262925839e-17,-6.123234262925839e-17,-0.7154315114021301,-1.2117919921875,1.9187283515930176,-0.9289618730545044,-0.959507167339325,-2.486741304397583,0.0
459,0.6499999761581421,-0.31111112236976624,0.4000000059604645,6.123234262925839e-17,-1.0,-6.123234262925839e-17,-6.123234262925839e-17,-0.715435802936554,-1.3291094303131104,1.8013461828231812,-1.0885804891586304,-0.8336243033409119,-2.2324094772338867,0.0
460,0.6499999761581421,-0.2222222238779068,0.0,6.123234262925839e-17,-1.0,-6.123234262925839e-17,-6.123234262925839e-17,-0.5555241703987122,-0.6163578629493713,2.0093438625335693,2.5789241790771484,1.4199525117874146,0.09449830651283264,0.0
461,0.6499999761581421,-0.2222222238779068,0.10000000149011612,6.123234262925839e-17,-1.0,-6.123234262925839e-17,-6.123234262925839e-17,-0.555526077747345,-0.8963816165924072,2.1136443614959717,2.5570690631866455,1.2722254991531372,0.19222095608711243,0.0
462,0.6499999761581421,-0.2222222238779068,0.20000000298023224,6.123234262925839e-17,-1.0,-6.123234262925839e-17,-6.123234262925839e-17,-0.5555245280265808,-1.1497843265533447,2.1430416107177734,-0.6376530528068542,-1.0884464979171753,-2.8105618953704834,0.0
463,0.6499999761581421,-0.2222222238779068,0.30000001192092896,6.123234262925839e-17,-1.0,-6.123234262925839e-17,-6.123234262925839e-17,-0.5555267930030823,-1.3502333164215088,2.095243453979492,-0.741340696811676,-0.8962569832801819,-2.6221673488616943,0.0
464,0.6499999761581421,-0.2222222238779068,0.4000000059604645,6.123234262925839e-17,-1.0,-6.123234262925839e-17,-6.123234262925839e-17,-0.555526852607727,-1.4800021648406982,1.973779559135437,-0.9186885952949524,-0.7255492210388184,-2.3663852214813232,0.0
465,0.6499999761581421,-0.13333334028720856,0.0,6.123234262925839e-17,-1.0,-6.123234262925839e-17,-6.123234262925839e-17,-0.3565219044685364,-0.6549270153045654,2.1290879249572754,2.7835311889648438,1.4802554845809937,0.033826954662799835,0.0
466,0.6499999761581421,-0.13333334028720856,0.10000000149011612,6.123234262925839e-17,-1.0,-6.123234262925839e-17,-6.123234262925839e-17,-0.35652604699134827,-0.9581003189086914,2.238435745239258,2.770841121673584,1.2990754842758179,0.10394337028265,0.0
467,0.6499999761581421,-0.13333334028720856,0.20000000298023224,6.123234262925839e-17,-1.0,-6.123234262925839e-17,-6.123234262925839e-17,-0.3565233051776886,-1.2370731830596924,2.2696096897125244,2.732313871383667,1.0696721076965332,0.20544777810573578,0.0
468,0.6499999761581421,-0.13333334028720856,0.30000001192092896,6.123234262925839e-17,-1.0,-6.123234262925839e-17,-6.123234262925839e-17,-0.3565250039100647,-1.456637978553772,2.2190101146698,-0.49456408619880676,-0.8261445164680481,-2.7912001609802246,0.0
469,0.6499999761581421,-0.13333334028720856,0.4000000059604645,6.123234262925839e-17,-1.0,-6.123234262925839e-17,-6.123234262925839e-17,-0.3565254211425781,-1.595117211341858,2.092209815979004,-0.6630509495735168,-0.6028946042060852,-2.569930076599121,0.0
474,0.6499999761581421,-0.04444444552063942,0.4000000059604645,6.123234262925839e-17,-1.0,-6.123234262925839e-17,-6.123234262925839e-17,-0.12930622696876526,-1.6611090898513794,2.152815103530884,-0.2892288267612457,-0.506999135017395,-2.879889965057373,0.0
479,0.6499999761581421,0.04444444552063942,0.4000000059604645,6.123234262925839e-17,-1.0,-6.123234262925839e-17,-6.123234262925839e-17,0.1299056112766266,-1.6606768369674683,2.1531407833099365,0.28977298736572266,-0.5070814490318298,2.8797900676727295,0.0
480,0.6499999761581421,0.13333334028720856,0.0,6.123234262925839e-17,-1.0,-6.123234262925839e-17,-6.123234262925839e-17,0.3565196096897125,-0.6549309492111206,2.1290934085845947,-2.7835426330566406,1.4802591800689697,-0.03380950912833214,0.0
481,0.6499999761581421,0.13333334028720856,0.10000000149011612,6.123234262925839e-17,-1.0,-6.123234262925839e-17,-6.123234262925839e-17,0.35652628540992737,-0.9580987095832825,2.238433837890625,-2.7708418369293213,1.2990771532058716,-0.1039544939994812,0.0
482,0.6499999761581421,0.13333334028720856,0.20000000298023224,6.123234262925839e-17,-1.0,-6.123234262925839e-17,-6.123234262925839e-17,0.3565238416194916,-1.2370781898498535,2.269617795944214,-2.732314109802246,1.0696756839752197,-0.20545068383216858,0.0
483,0.6499999761581421,0.13333334028720856,0.30000001192092896,6.123234262925839e-17,-1.0,-6.123234262925839e-17,-6.123234262925839e-17,0.3565250039100647,-1.4566327333450317,2.2190117835998535,0.4945635199546814,-0.8261405229568481,2.7912044525146484,0.0
484,0.6499999761581421,0.13333334028720856,0.4000000059604645,6.123234262925839e-17,-1.0,-6.123234262925839e-17,-6.123234262925839e-17,0.3565242886543274,-1.5951159000396729,2.092210054397583,0.6630548238754272,-0.6028892993927002,2.5699307918548584,0.0
485,0.6499999761581421,0.2222222238779068,0.0,6.123234262925839e-17,-1.0,-6.123234262925839e-17,-6.123234262925839e-17,0.5555190443992615,-0.6163700222969055,2.0093536376953125,-2.5789287090301514,1.4199427366256714,-0.09450084716081619,0.0
486,0.6499999761581421,0.2222222238779068,0.10000000149011612,6.123234262925839e-17,-1.0,-6.123234262925839e-17,-6.123234262925839e-17,0.5555249452590942,-0.8963800668716431,2.113645315170288,-2.5570714473724365,1.2722309827804565,-0.19222551584243774,0.0
487,0.6499999761581421,0.2222222238779068,0.20000000298023224,6.123234262925839e-17,-1.0,-6.123234262925839e-17,-6.123234262925839e-17,0.5555227994918823,-1.1497787237167358,2.143035650253296,0.6376466155052185,-1.0884445905685425,2.810563564300537,0.0
488,0.6499999761581421,0.2222222238779068,0.30000001192092896,6.123234262925839e-17,-1.0,-6.123234262925839e-17,-6.123234262925839e-17,0.5555247068405151,-1.3502349853515625,2.0952467918395996,0.7413495779037476,-0.8962498903274536,2.6221625804901123,0.0
489,0.6499999761581421,0.2222222238779068,0.4000000059604645,6.123234262925839e-17,-1.0,-6.123234262925839e-17,-6.123234262925839e-17,0.5555245876312256,-1.4800037145614624,1.9737836122512817,0.9186798334121704,-0.7255518436431885,2.366389751434326,0.0
490,0.6499999761581421,0.31111112236976624,0.0,6.123234262925839e-17,-1.0,-6.123234262925839e-17,-6.123234262925839e-17,0.7154369950294495,-0.5522181987762451,1.835988163948059,-2.4054276943206787,1.3554433584213257,-0.19125553965568542,0.0
491,0.6499999761581421,0.31111112236976624,0.10000000149011612,6.123234262925839e-17,-1.0,-6.123234262925839e-17,-6.123234262925839e-17,0.7154308557510376,-0.8072195649147034,1.9362711906433105,0.7656728029251099,-1.2422300577163696,2.8407936096191406,0.0
492,0.6499999761581421,0.31111112236976624,0.20000000298023224,6.123234262925839e-17,-1.0,-6.123234262925839e-17,-6.123234262925839e-17,0.7154382467269897,-1.0331922769546509,1.9641728401184082,0.8253595232963562,-1.1032973527908325,2.6874380111694336,0.0
493,0.6499999761581421,0.31111112236976624,0.30000001192092896,6.123234262925839e-17,-1.0,-6.123234262925839e-17,-6.123234262925839e-17,0.7154346108436584,-1.2117947340011597,1.9187335968017578,0.9289590716362,-0.959507167339325,2.486748695373535,0.0
494,0.6499999761581421,0.31111112236976624,0.4000000059604645,6.123234262925839e-17,-1.0,-6.123234262925839e-17,-6.123234262925839e-17,0.7154398560523987,-1.3291116952896118,1.8013479709625244,1.088587999343872,-0.8336371183395386,2.2323970794677734,0.0
495,0.6499999761581421,0.4000000059604645,0.0,6.123234262925839e-17,-1.0,-6.123234262925839e-17,-6.123234262925839e-17,0.8407472372055054,-0.4575262665748596,1.607735514640808,0.8857734203338623,-1.2950176000595093,2.8198864459991455,0.0
496,0.6499999761581421,0.4000000059604645,0.10000000149011612,6.123234262925839e-17,-1.0,-6.123234262925839e-17,-6.123234262925839e-17,0.8407502770423889,-0.6905395984649658,1.707656979560852,0.9201126098632812,-1.2125096321105957,2.7099335193634033,0.0
497,0.6499999761581421,0.4000000059604645,0.20000000298023224,6.123234262925839e-17,-1.0,-6.123234262925839e-17,-6.123234262925839e-17,0.8407504558563232,-0.891583263874054,1.7350361347198486,0.9815146923065186,-1.1113883256912231,2.5559327602386475,0.0
498,0.6499999761581421,0.4000000059604645,0.30000001192092896,6.123234262925839e-17,-1.0,-6.123234262925839e-17,-6.123234262925839e-17,0.8407498598098755,-1.0485005378723145,1.6903427839279175,1.0789105892181396,-1.0072506666183472,2.3577144145965576,0.0
499,0.6499999761581421,0.4000000059604645,0.4000000059604645,6.123234262925839e-17,-1.0,-6.123234262925839e-17,-6.123234262925839e-17,0.8407480120658875,-1.1501520872116089,1.5727235078811646,1.2190172672271729,-0.9169512987136841,2.113753318786621,0.0
